Class,Total TX count,% of classes
dex,6514253,3.516802052
exchange,83062658,52.99203311
icowallets,78028,0.049780039
mining,65833160,42.00001636
walletapp,2259281,1.441368437
