Class,Tx sent count,% of classes
dex,6503845,10.06031522
exchange,44197264,68.3654681
icowallets,55468,0.085799333
mining,13202718,20.42230479
walletapp,689226,1.066112557
