Class,Total tx received count,% of classes
dex,10408,0.035855343
exchange,27406406,94.41449686
icowallets,22577,0.077777294
mining,9444,0.032534383
walletapp,1578917,5.439336122
